"","Country","Region","Year","Happiness.Rank","Happiness.Score","Standard.Error","Economy..GDP.per.Capita.","Family","Health..Life.Expectancy.","Freedom","Trust..Government.Corruption.","Generosity","Dystopia.Residual"
"1","Switzerland","Western Europe","2015",1,7.587,0.03411,1.39651,1.34951,0.94143,0.66557,0.41978,0.29678,2.51738
"2","Iceland","Western Europe","2015",2,7.561,0.04884,1.30232,1.40223,0.94784,0.62877,0.14145,0.4363,2.70201
"3","Denmark","Western Europe","2015",3,7.527,0.03328,1.32548,1.36058,0.87464,0.64938,0.48357,0.34139,2.49204
"4","Norway","Western Europe","2015",4,7.522,0.0388,1.459,1.33095,0.88521,0.66973,0.36503,0.34699,2.46531
"5","Canada","North America","2015",5,7.427,0.03553,1.32629,1.32261,0.90563,0.63297,0.32957,0.45811,2.45176
"6","Finland","Western Europe","2015",6,7.406,0.0314,1.29025,1.31826,0.88911,0.64169,0.41372,0.23351,2.61955
"7","Netherlands","Western Europe","2015",7,7.378,0.02799,1.32944,1.28017,0.89284,0.61576,0.31814,0.4761,2.4657
"8","Sweden","Western Europe","2015",8,7.364,0.03157,1.33171,1.28907,0.91087,0.6598,0.43844,0.36262,2.37119
"9","New Zealand","Australia and New Zealand","2015",9,7.286,0.03371,1.25018,1.31967,0.90837,0.63938,0.42922,0.47501,2.26425
"10","Australia","Australia and New Zealand","2015",10,7.284,0.04083,1.33358,1.30923,0.93156,0.65124,0.35637,0.43562,2.26646
"11","Israel","Middle East and Northern Africa","2015",11,7.278,0.0347,1.22857,1.22393,0.91387,0.41319,0.07785,0.33172,3.08854
"12","Costa Rica","Latin America and Caribbean","2015",12,7.226,0.04454,0.95578,1.23788,0.86027,0.63376,0.10583,0.25497,3.17728
"13","Austria","Western Europe","2015",13,7.2,0.03751,1.33723,1.29704,0.89042,0.62433,0.18676,0.33088,2.5332
"14","Mexico","Latin America and Caribbean","2015",14,7.187,0.04176,1.02054,0.91451,0.81444,0.48181,0.21312,0.14074,3.60214
"15","United States","North America","2015",15,7.119,0.03839,1.39451,1.24711,0.86179,0.54604,0.1589,0.40105,2.51011
"16","Brazil","Latin America and Caribbean","2015",16,6.983,0.04076,0.98124,1.23287,0.69702,0.49049,0.17521,0.14574,3.26001
"17","Luxembourg","Western Europe","2015",17,6.946,0.03499,1.56391,1.21963,0.91894,0.61583,0.37798,0.28034,1.96961
"18","Ireland","Western Europe","2015",18,6.94,0.03676,1.33596,1.36948,0.89533,0.61777,0.28703,0.45901,1.9757
"19","Belgium","Western Europe","2015",19,6.937,0.03595,1.30782,1.28566,0.89667,0.5845,0.2254,0.2225,2.41484
"20","United Arab Emirates","Middle East and Northern Africa","2015",20,6.901,0.03729,1.42727,1.12575,0.80925,0.64157,0.38583,0.26428,2.24743
"21","United Kingdom","Western Europe","2015",21,6.867,0.01866,1.26637,1.28548,0.90943,0.59625,0.32067,0.51912,1.96994
"22","Oman","Middle East and Northern Africa","2015",22,6.853,0.05335,1.36011,1.08182,0.76276,0.63274,0.32524,0.21542,2.47489
"23","Venezuela","Latin America and Caribbean","2015",23,6.81,0.06476,1.04424,1.25596,0.72052,0.42908,0.11069,0.05841,3.19131
"24","Singapore","Southeastern Asia","2015",24,6.798,0.0378,1.52186,1.02,1.02525,0.54252,0.4921,0.31105,1.88501
"25","Panama","Latin America and Caribbean","2015",25,6.786,0.0491,1.06353,1.1985,0.79661,0.5421,0.0927,0.24434,2.84848
"26","Germany","Western Europe","2015",26,6.75,0.01848,1.32792,1.29937,0.89186,0.61477,0.21843,0.28214,2.11569
"27","Chile","Latin America and Caribbean","2015",27,6.67,0.058,1.10715,1.12447,0.85857,0.44132,0.12869,0.33363,2.67585
"28","Qatar","Middle East and Northern Africa","2015",28,6.611,0.06257,1.69042,1.0786,0.79733,0.6404,0.52208,0.32573,1.55674
"29","France","Western Europe","2015",29,6.575,0.03512,1.27778,1.26038,0.94579,0.55011,0.20646,0.12332,2.21126
"30","Argentina","Latin America and Caribbean","2015",30,6.574,0.04612,1.05351,1.24823,0.78723,0.44974,0.08484,0.11451,2.836
"31","Czech Republic","Central and Eastern Europe","2015",31,6.505,0.04168,1.17898,1.20643,0.84483,0.46364,0.02652,0.10686,2.67782
"32","Uruguay","Latin America and Caribbean","2015",32,6.485,0.04539,1.06166,1.2089,0.8116,0.60362,0.24558,0.2324,2.32142
"33","Colombia","Latin America and Caribbean","2015",33,6.477,0.05051,0.91861,1.24018,0.69077,0.53466,0.0512,0.18401,2.85737
"34","Thailand","Southeastern Asia","2015",34,6.455,0.03557,0.9669,1.26504,0.7385,0.55664,0.03187,0.5763,2.31945
"35","Saudi Arabia","Middle East and Northern Africa","2015",35,6.411,0.04633,1.39541,1.08393,0.72025,0.31048,0.32524,0.13706,2.43872
"36","Spain","Western Europe","2015",36,6.329,0.03468,1.23011,1.31379,0.95562,0.45951,0.06398,0.18227,2.12367
"37","Malta","Western Europe","2015",37,6.302,0.04206,1.2074,1.30203,0.88721,0.60365,0.13586,0.51752,1.6488
"38","Taiwan","Eastern Asia","2015",38,6.298,0.03868,1.29098,1.07617,0.8753,0.3974,0.08129,0.25376,2.32323
"39","Kuwait","Middle East and Northern Africa","2015",39,6.295,0.04456,1.55422,1.16594,0.72492,0.55499,0.25609,0.16228,1.87634
"40","Suriname","Latin America and Caribbean","2015",40,6.269,0.09811,0.99534,0.972,0.6082,0.59657,0.13633,0.16991,2.79094
"41","Trinidad and Tobago","Latin America and Caribbean","2015",41,6.168,0.10895,1.21183,1.18354,0.61483,0.55884,0.0114,0.31844,2.26882
"42","El Salvador","Latin America and Caribbean","2015",42,6.13,0.05618,0.76454,1.02507,0.67737,0.4035,0.11776,0.10692,3.035
"43","Guatemala","Latin America and Caribbean","2015",43,6.123,0.05224,0.74553,1.04356,0.64425,0.57733,0.09472,0.27489,2.74255
"44","Uzbekistan","Central and Eastern Europe","2015",44,6.003,0.04361,0.63244,1.34043,0.59772,0.65821,0.30826,0.22837,2.23741
"45","Slovakia","Central and Eastern Europe","2015",45,5.995,0.04267,1.16891,1.26999,0.78902,0.31751,0.03431,0.16893,2.24639
"46","Japan","Eastern Asia","2015",46,5.987,0.03581,1.27074,1.25712,0.99111,0.49615,0.1806,0.10705,1.68435
"47","South Korea","Eastern Asia","2015",47,5.984,0.04098,1.24461,0.95774,0.96538,0.33208,0.07857,0.18557,2.21978
"48","Ecuador","Latin America and Caribbean","2015",48,5.975,0.04528,0.86402,0.99903,0.79075,0.48574,0.1809,0.11541,2.53942
"49","Bahrain","Middle East and Northern Africa","2015",49,5.96,0.05412,1.32376,1.21624,0.74716,0.45492,0.306,0.17362,1.73797
"50","Italy","Western Europe","2015",50,5.948,0.03914,1.25114,1.19777,0.95446,0.26236,0.02901,0.22823,2.02518
"51","Bolivia","Latin America and Caribbean","2015",51,5.89,0.05642,0.68133,0.97841,0.5392,0.57414,0.088,0.20536,2.82334
"52","Moldova","Central and Eastern Europe","2015",52,5.889,0.03799,0.59448,1.01528,0.61826,0.32818,0.01615,0.20951,3.10712
"53","Paraguay","Latin America and Caribbean","2015",53,5.878,0.04563,0.75985,1.30477,0.66098,0.53899,0.08242,0.3424,2.18896
"54","Kazakhstan","Central and Eastern Europe","2015",54,5.855,0.04114,1.12254,1.12241,0.64368,0.51649,0.08454,0.11827,2.24729
"55","Slovenia","Central and Eastern Europe","2015",55,5.848,0.04251,1.18498,1.27385,0.87337,0.60855,0.03787,0.25328,1.61583
"56","Lithuania","Central and Eastern Europe","2015",56,5.833,0.03843,1.14723,1.25745,0.73128,0.21342,0.01031,0.02641,2.44649
"57","Nicaragua","Latin America and Caribbean","2015",57,5.828,0.05371,0.59325,1.14184,0.74314,0.55475,0.19317,0.27815,2.32407
"58","Peru","Latin America and Caribbean","2015",58,5.824,0.04615,0.90019,0.97459,0.73017,0.41496,0.05989,0.14982,2.5945
"59","Belarus","Central and Eastern Europe","2015",59,5.813,0.03938,1.03192,1.23289,0.73608,0.37938,0.1909,0.11046,2.1309
"60","Poland","Central and Eastern Europe","2015",60,5.791,0.04263,1.12555,1.27948,0.77903,0.53122,0.04212,0.16759,1.86565
"61","Malaysia","Southeastern Asia","2015",61,5.77,0.0433,1.12486,1.07023,0.72394,0.53024,0.10501,0.33075,1.88541
"62","Croatia","Central and Eastern Europe","2015",62,5.759,0.04394,1.08254,0.79624,0.78805,0.25883,0.0243,0.05444,2.75414
"63","Libya","Middle East and Northern Africa","2015",63,5.754,0.07832,1.13145,1.11862,0.7038,0.41668,0.11023,0.18295,2.09066
"64","Russia","Central and Eastern Europe","2015",64,5.716,0.03135,1.13764,1.23617,0.66926,0.36679,0.03005,0.00199,2.27394
"65","Jamaica","Latin America and Caribbean","2015",65,5.709,0.13693,0.81038,1.15102,0.68741,0.50442,0.02299,0.2123,2.32038
"66","North Cyprus","Western Europe","2015",66,5.695,0.05635,1.20806,1.07008,0.92356,0.49027,0.1428,0.26169,1.59888
"67","Cyprus","Western Europe","2015",67,5.689,0.0558,1.20813,0.89318,0.92356,0.40672,0.06146,0.30638,1.88931
"68","Algeria","Middle East and Northern Africa","2015",68,5.605,0.05099,0.93929,1.07772,0.61766,0.28579,0.17383,0.07822,2.43209
"69","Kosovo","Central and Eastern Europe","2015",69,5.589,0.05018,0.80148,0.81198,0.63132,0.24749,0.04741,0.2831,2.76579
"70","Turkmenistan","Central and Eastern Europe","2015",70,5.548,0.04175,0.95847,1.22668,0.53886,0.4761,0.30844,0.16979,1.86984
"71","Mauritius","Sub-Saharan Africa","2015",71,5.477,0.07197,1.00761,0.98521,0.7095,0.56066,0.07521,0.37744,1.76145
"72","Hong Kong","Eastern Asia","2015",72,5.474,0.05051,1.38604,1.05818,1.01328,0.59608,0.37124,0.39478,0.65429
"73","Estonia","Central and Eastern Europe","2015",73,5.429,0.04013,1.15174,1.22791,0.77361,0.44888,0.15184,0.0868,1.58782
"74","Indonesia","Southeastern Asia","2015",74,5.399,0.02596,0.82827,1.08708,0.63793,0.46611,0,0.51535,1.86399
"75","Vietnam","Southeastern Asia","2015",75,5.36,0.03107,0.63216,0.91226,0.74676,0.59444,0.10441,0.1686,2.20173
"76","Turkey","Middle East and Northern Africa","2015",76,5.332,0.03864,1.06098,0.94632,0.73172,0.22815,0.15746,0.12253,2.08528
"77","Kyrgyzstan","Central and Eastern Europe","2015",77,5.286,0.03823,0.47428,1.15115,0.65088,0.43477,0.04232,0.3003,2.2327
"78","Nigeria","Sub-Saharan Africa","2015",78,5.268,0.04192,0.65435,0.90432,0.16007,0.34334,0.0403,0.27233,2.89319
"79","Bhutan","Southern Asia","2015",79,5.253,0.03225,0.77042,1.10395,0.57407,0.53206,0.15445,0.47998,1.63794
"80","Azerbaijan","Central and Eastern Europe","2015",80,5.212,0.03363,1.02389,0.93793,0.64045,0.3703,0.16065,0.07799,2.00073
"81","Pakistan","Southern Asia","2015",81,5.194,0.03726,0.59543,0.41411,0.51466,0.12102,0.10464,0.33671,3.10709
"82","Jordan","Middle East and Northern Africa","2015",82,5.192,0.04524,0.90198,1.05392,0.69639,0.40661,0.14293,0.11053,1.87996
"83","Montenegro","Central and Eastern Europe","2015",82,5.192,0.05235,0.97438,0.90557,0.72521,0.1826,0.14296,0.1614,2.10017
"84","China","Eastern Asia","2015",84,5.14,0.02424,0.89012,0.94675,0.81658,0.51697,0.02781,0.08185,1.8604
"85","Zambia","Sub-Saharan Africa","2015",85,5.129,0.06988,0.47038,0.91612,0.29924,0.48827,0.12468,0.19591,2.6343
"86","Romania","Central and Eastern Europe","2015",86,5.124,0.06607,1.04345,0.88588,0.7689,0.35068,0.00649,0.13748,1.93129
"87","Serbia","Central and Eastern Europe","2015",87,5.123,0.04864,0.92053,1.00964,0.74836,0.20107,0.02617,0.19231,2.025
"88","Portugal","Western Europe","2015",88,5.102,0.04802,1.15991,1.13935,0.87519,0.51469,0.01078,0.13719,1.26462
"89","Latvia","Central and Eastern Europe","2015",89,5.098,0.0464,1.11312,1.09562,0.72437,0.29671,0.06332,0.18226,1.62215
"90","Philippines","Southeastern Asia","2015",90,5.073,0.04934,0.70532,1.03516,0.58114,0.62545,0.12279,0.24991,1.7536
"91","Somaliland region","Sub-Saharan Africa","2015",91,5.057,0.06161,0.18847,0.95152,0.43873,0.46582,0.39928,0.50318,2.11032
"92","Morocco","Middle East and Northern Africa","2015",92,5.013,0.0342,0.73479,0.64095,0.60954,0.41691,0.08546,0.07172,2.45373
"93","Macedonia","Central and Eastern Europe","2015",93,5.007,0.05376,0.91851,1.00232,0.73545,0.33457,0.05327,0.22359,1.73933
"94","Mozambique","Sub-Saharan Africa","2015",94,4.971,0.07896,0.08308,1.02626,0.09131,0.34037,0.15603,0.22269,3.05137
"95","Albania","Central and Eastern Europe","2015",95,4.959,0.05013,0.87867,0.80434,0.81325,0.35733,0.06413,0.14272,1.89894
"96","Bosnia and Herzegovina","Central and Eastern Europe","2015",96,4.949,0.06913,0.83223,0.91916,0.79081,0.09245,0.00227,0.24808,2.06367
"97","Lesotho","Sub-Saharan Africa","2015",97,4.898,0.09438,0.37545,1.04103,0.07612,0.31767,0.12504,0.16388,2.79832
"98","Dominican Republic","Latin America and Caribbean","2015",98,4.885,0.07446,0.89537,1.17202,0.66825,0.57672,0.14234,0.21684,1.21305
"99","Laos","Southeastern Asia","2015",99,4.876,0.06698,0.59066,0.73803,0.54909,0.59591,0.24249,0.42192,1.73799
"100","Mongolia","Eastern Asia","2015",100,4.874,0.03313,0.82819,1.3006,0.60268,0.43626,0.02666,0.3323,1.34759
"101","Swaziland","Sub-Saharan Africa","2015",101,4.867,0.08742,0.71206,1.07284,0.07566,0.30658,0.0306,0.18259,2.48676
"102","Greece","Western Europe","2015",102,4.857,0.05062,1.15406,0.92933,0.88213,0.07699,0.01397,0,1.80101
"103","Lebanon","Middle East and Northern Africa","2015",103,4.839,0.04337,1.02564,0.80001,0.83947,0.33916,0.04582,0.21854,1.57059
"104","Hungary","Central and Eastern Europe","2015",104,4.8,0.06107,1.12094,1.20215,0.75905,0.32112,0.02758,0.128,1.24074
"105","Honduras","Latin America and Caribbean","2015",105,4.788,0.05648,0.59532,0.95348,0.6951,0.40148,0.06825,0.23027,1.84408
"106","Tajikistan","Central and Eastern Europe","2015",106,4.786,0.03198,0.39047,0.85563,0.57379,0.47216,0.15072,0.22974,2.11399
"107","Tunisia","Middle East and Northern Africa","2015",107,4.739,0.03589,0.88113,0.60429,0.73793,0.26268,0.06358,0.06431,2.12466
"108","Palestinian Territories","Middle East and Northern Africa","2015",108,4.715,0.04394,0.59867,0.92558,0.66015,0.24499,0.12905,0.11251,2.04384
"109","Bangladesh","Southern Asia","2015",109,4.694,0.03077,0.39753,0.43106,0.60164,0.4082,0.12569,0.21222,2.51767
"110","Iran","Middle East and Northern Africa","2015",110,4.686,0.04449,1.0088,0.54447,0.69805,0.30033,0.05863,0.38086,1.6944
"111","Ukraine","Central and Eastern Europe","2015",111,4.681,0.04412,0.79907,1.20278,0.6739,0.25123,0.02961,0.15275,1.5714
"112","Iraq","Middle East and Northern Africa","2015",112,4.677,0.05232,0.98549,0.81889,0.60237,0,0.13788,0.17922,1.95335
"113","South Africa","Sub-Saharan Africa","2015",113,4.642,0.04585,0.92049,1.18468,0.27688,0.33207,0.08884,0.11973,1.71956
"114","Ghana","Sub-Saharan Africa","2015",114,4.633,0.04742,0.54558,0.67954,0.40132,0.42342,0.04355,0.23087,2.30919
"115","Zimbabwe","Sub-Saharan Africa","2015",115,4.61,0.0429,0.271,1.03276,0.33475,0.25861,0.08079,0.18987,2.44191
"116","Liberia","Sub-Saharan Africa","2015",116,4.571,0.11068,0.0712,0.78968,0.34201,0.28531,0.06232,0.24362,2.77729
"117","India","Southern Asia","2015",117,4.565,0.02043,0.64499,0.38174,0.51529,0.39786,0.08492,0.26475,2.27513
"118","Sudan","Sub-Saharan Africa","2015",118,4.55,0.0674,0.52107,1.01404,0.36878,0.10081,0.1466,0.19062,2.20857
"119","Haiti","Latin America and Caribbean","2015",119,4.518,0.07331,0.26673,0.74302,0.38847,0.24425,0.17175,0.46187,2.24173
"120","Congo (Kinshasa)","Sub-Saharan Africa","2015",120,4.517,0.0368,0,1.0012,0.09806,0.22605,0.07625,0.24834,2.86712
"121","Nepal","Southern Asia","2015",121,4.514,0.03607,0.35997,0.86449,0.56874,0.38282,0.05907,0.32296,1.95637
"122","Ethiopia","Sub-Saharan Africa","2015",122,4.512,0.0378,0.19073,0.60406,0.44055,0.4345,0.15048,0.24325,2.44876
"123","Sierra Leone","Sub-Saharan Africa","2015",123,4.507,0.07068,0.33024,0.95571,0,0.4084,0.08786,0.21488,2.51009
"124","Mauritania","Sub-Saharan Africa","2015",124,4.436,0.03947,0.45407,0.86908,0.35874,0.24232,0.17461,0.219,2.11773
"125","Kenya","Sub-Saharan Africa","2015",125,4.419,0.04734,0.36471,0.99876,0.41435,0.42215,0.05839,0.37542,1.78555
"126","Djibouti","Sub-Saharan Africa","2015",126,4.369,0.08096,0.44025,0.59207,0.36291,0.46074,0.28105,0.18093,2.05125
"127","Armenia","Central and Eastern Europe","2015",127,4.35,0.04763,0.76821,0.77711,0.7299,0.19847,0.039,0.07855,1.75873
"128","Botswana","Sub-Saharan Africa","2015",128,4.332,0.04934,0.99355,1.10464,0.04776,0.49495,0.12474,0.10461,1.46181
"129","Myanmar","Southeastern Asia","2015",129,4.307,0.04351,0.27108,0.70905,0.48246,0.44017,0.19034,0.79588,1.41805
"130","Georgia","Central and Eastern Europe","2015",130,4.297,0.04221,0.7419,0.38562,0.72926,0.40577,0.38331,0.05547,1.59541
"131","Malawi","Sub-Saharan Africa","2015",131,4.292,0.0613,0.01604,0.41134,0.22562,0.43054,0.06977,0.33128,2.80791
"132","Sri Lanka","Southern Asia","2015",132,4.271,0.03751,0.83524,1.01905,0.70806,0.53726,0.09179,0.40828,0.67108
"133","Cameroon","Sub-Saharan Africa","2015",133,4.252,0.04678,0.4225,0.88767,0.23402,0.49309,0.05786,0.20618,1.95071
"134","Bulgaria","Central and Eastern Europe","2015",134,4.218,0.04828,1.01216,1.10614,0.76649,0.30587,0.00872,0.11921,0.89991
"135","Egypt","Middle East and Northern Africa","2015",135,4.194,0.0326,0.8818,0.747,0.61712,0.17288,0.06324,0.11291,1.59927
"136","Yemen","Middle East and Northern Africa","2015",136,4.077,0.04367,0.54649,0.68093,0.40064,0.35571,0.07854,0.09131,1.92313
"137","Angola","Sub-Saharan Africa","2015",137,4.033,0.04758,0.75778,0.8604,0.16683,0.10384,0.07122,0.12344,1.94939
"138","Mali","Sub-Saharan Africa","2015",138,3.995,0.05602,0.26074,1.03526,0.20583,0.38857,0.12352,0.18798,1.79293
"139","Congo (Brazzaville)","Sub-Saharan Africa","2015",139,3.989,0.06682,0.67866,0.6629,0.31051,0.41466,0.11686,0.12388,1.68135
"140","Comoros","Sub-Saharan Africa","2015",140,3.956,0.04797,0.23906,0.79273,0.36315,0.22917,0.199,0.17441,1.95812
"141","Uganda","Sub-Saharan Africa","2015",141,3.931,0.04317,0.21102,1.13299,0.33861,0.45727,0.07267,0.29066,1.42766
"142","Senegal","Sub-Saharan Africa","2015",142,3.904,0.03608,0.36498,0.97619,0.4354,0.36772,0.10713,0.20843,1.44395
"143","Gabon","Sub-Saharan Africa","2015",143,3.896,0.04547,1.06024,0.90528,0.43372,0.31914,0.11091,0.06822,0.99895
"144","Niger","Sub-Saharan Africa","2015",144,3.845,0.03602,0.0694,0.77265,0.29707,0.47692,0.15639,0.19387,1.87877
"145","Cambodia","Southeastern Asia","2015",145,3.819,0.05069,0.46038,0.62736,0.61114,0.66246,0.07247,0.40359,0.98195
"146","Tanzania","Sub-Saharan Africa","2015",146,3.781,0.05061,0.2852,1.00268,0.38215,0.32878,0.05747,0.34377,1.38079
"147","Madagascar","Sub-Saharan Africa","2015",147,3.681,0.03633,0.20824,0.66801,0.46721,0.19184,0.08124,0.21333,1.851
"148","Central African Republic","Sub-Saharan Africa","2015",148,3.678,0.06112,0.0785,0,0.06699,0.48879,0.08289,0.23835,2.7223
"149","Chad","Sub-Saharan Africa","2015",149,3.667,0.0383,0.34193,0.76062,0.1501,0.23501,0.05269,0.18386,1.94296
"150","Guinea","Sub-Saharan Africa","2015",150,3.656,0.0359,0.17417,0.46475,0.24009,0.37725,0.12139,0.28657,1.99172
"151","Ivory Coast","Sub-Saharan Africa","2015",151,3.655,0.05141,0.46534,0.77115,0.15185,0.46866,0.17922,0.20165,1.41723
"152","Burkina Faso","Sub-Saharan Africa","2015",152,3.587,0.04324,0.25812,0.85188,0.27125,0.39493,0.12832,0.21747,1.46494
"153","Afghanistan","Southern Asia","2015",153,3.575,0.03084,0.31982,0.30285,0.30335,0.23414,0.09719,0.3651,1.9521
"154","Rwanda","Sub-Saharan Africa","2015",154,3.465,0.03464,0.22208,0.7737,0.42864,0.59201,0.55191,0.22628,0.67042
"155","Benin","Sub-Saharan Africa","2015",155,3.34,0.03656,0.28665,0.35386,0.3191,0.4845,0.0801,0.1826,1.63328
"156","Syria","Middle East and Northern Africa","2015",156,3.006,0.05015,0.6632,0.47489,0.72193,0.15684,0.18906,0.47179,0.32858
"157","Burundi","Sub-Saharan Africa","2015",157,2.905,0.08658,0.0153,0.41587,0.22396,0.1185,0.10062,0.19727,1.83302
"158","Togo","Sub-Saharan Africa","2015",158,2.839,0.06727,0.20868,0.13995,0.28443,0.36453,0.10731,0.16681,1.56726
"159","Denmark","Western Europe","2016",1,7.526,0.0659999999999998,1.44178,1.16374,0.79504,0.57941,0.44453,0.36171,2.73939
"160","Switzerland","Western Europe","2016",2,7.509,0.0809999999999995,1.52733,1.14524,0.86303,0.58557,0.41203,0.28083,2.69463
"161","Iceland","Western Europe","2016",3,7.501,0.167999999999999,1.42666,1.18326,0.86733,0.56624,0.14975,0.47678,2.83137
"162","Norway","Western Europe","2016",4,7.498,0.077,1.57744,1.1269,0.79579,0.59609,0.35776,0.37895,2.66465
"163","Finland","Western Europe","2016",5,7.413,0.0619999999999994,1.40598,1.13464,0.81091,0.57104,0.41004,0.25492,2.82596
"164","Canada","North America","2016",6,7.404,0.069,1.44015,1.0961,0.8276,0.5737,0.31329,0.44834,2.70485
"165","Netherlands","Western Europe","2016",7,7.339,0.0549999999999997,1.46468,1.02912,0.81231,0.55211,0.29927,0.47416,2.70749
"166","New Zealand","Australia and New Zealand","2016",8,7.334,0.0700000000000003,1.36066,1.17278,0.83096,0.58147,0.41904,0.49401,2.47553
"167","Australia","Australia and New Zealand","2016",9,7.313,0.0720000000000001,1.44443,1.10476,0.8512,0.56837,0.32331,0.47407,2.5465
"168","Sweden","Western Europe","2016",10,7.291,0.0640000000000001,1.45181,1.08764,0.83121,0.58218,0.40867,0.38254,2.54734
"169","Israel","Middle East and Northern Africa","2016",11,7.267,0.0679999999999996,1.33766,0.99537,0.84917,0.36432,0.08728,0.32288,3.31029
"170","Austria","Western Europe","2016",12,7.119,0.0739999999999998,1.45038,1.08383,0.80565,0.54355,0.21348,0.32865,2.69343
"171","United States","North America","2016",13,7.104,0.0839999999999996,1.50796,1.04782,0.779,0.48163,0.14868,0.41077,2.72782
"172","Costa Rica","Latin America and Caribbean","2016",14,7.087,0.0880000000000001,1.06879,1.02152,0.76146,0.55225,0.10547,0.22553,3.35168
"173","Puerto Rico","Latin America and Caribbean","2016",15,7.039,0.245,1.35943,1.08113,0.77758,0.46823,0.12275,0.22202,3.0076
"174","Germany","Western Europe","2016",16,6.994,0.0640000000000001,1.44787,1.09774,0.81487,0.53466,0.28551,0.30452,2.50931
"175","Brazil","Latin America and Caribbean","2016",17,6.952,0.077,1.08754,1.03938,0.61415,0.40425,0.14166,0.15776,3.50733
"176","Belgium","Western Europe","2016",18,6.929,0.0679999999999996,1.42539,1.05249,0.81959,0.51354,0.26248,0.2424,2.61355
"177","Ireland","Western Europe","2016",19,6.907,0.0709999999999997,1.48341,1.16157,0.81455,0.54008,0.29754,0.44963,2.15988
"178","Luxembourg","Western Europe","2016",20,6.871,0.0669999999999993,1.69752,1.03999,0.84542,0.5487,0.35329,0.27571,2.11055
"179","Mexico","Latin America and Caribbean","2016",21,6.778,0.0980000000000008,1.11508,0.7146,0.71143,0.37709,0.18355,0.11735,3.55906
"180","Singapore","Southeastern Asia","2016",22,6.739,0.0650000000000004,1.64555,0.86758,0.94719,0.4877,0.46987,0.32706,1.99375
"181","United Kingdom","Western Europe","2016",23,6.725,0.0780000000000003,1.40283,1.08672,0.80991,0.50036,0.27399,0.50156,2.14999
"182","Chile","Latin America and Caribbean","2016",24,6.705,0.0899999999999999,1.2167,0.90587,0.81883,0.37789,0.11451,0.31595,2.95505
"183","Panama","Latin America and Caribbean","2016",25,6.701,0.100000000000001,1.18306,0.98912,0.70835,0.48927,0.08423,0.2418,3.00559
"184","Argentina","Latin America and Caribbean","2016",26,6.65,0.0899999999999999,1.15137,1.06612,0.69711,0.42284,0.07296,0.10989,3.12985
"185","Czech Republic","Central and Eastern Europe","2016",27,6.596,0.0809999999999995,1.30915,1.00793,0.76376,0.41418,0.03986,0.09929,2.96211
"186","United Arab Emirates","Middle East and Northern Africa","2016",28,6.573,0.0789999999999997,1.57352,0.87114,0.72993,0.56215,0.35561,0.26591,2.21507
"187","Uruguay","Latin America and Caribbean","2016",29,6.545,0.0890000000000004,1.18157,1.03143,0.72183,0.54388,0.21394,0.18056,2.67139
"188","Malta","Western Europe","2016",30,6.488,0.0789999999999997,1.30782,1.09879,0.80315,0.54994,0.17554,0.56237,1.99032
"189","Colombia","Latin America and Caribbean","2016",31,6.481,0.0970000000000004,1.03032,1.02169,0.59659,0.44735,0.05399,0.15626,3.17471
"190","France","Western Europe","2016",32,6.478,0.0810000000000004,1.39488,1.00508,0.83795,0.46562,0.17808,0.1216,2.4744
"191","Thailand","Southeastern Asia","2016",33,6.474,0.0779999999999994,1.0893,1.04477,0.64915,0.49553,0.02833,0.58696,2.5796
"192","Saudi Arabia","Middle East and Northern Africa","2016",34,6.379,0.0920000000000005,1.48953,0.84829,0.59267,0.37904,0.30008,0.15457,2.61482
"193","Taiwan","Eastern Asia","2016",34,6.379,0.0740000000000007,1.39729,0.92624,0.79565,0.32377,0.0663,0.25495,2.61523
"194","Qatar","Middle East and Northern Africa","2016",36,6.375,0.197,1.82427,0.87964,0.71723,0.56679,0.48049,0.32388,1.58224
"195","Spain","Western Europe","2016",37,6.361,0.0730000000000004,1.34253,1.12945,0.87896,0.37545,0.06137,0.17665,2.39663
"196","Algeria","Middle East and Northern Africa","2016",38,6.355,0.127999999999999,1.05266,0.83309,0.61804,0.21006,0.16157,0.07044,3.40904
"197","Guatemala","Latin America and Caribbean","2016",39,6.324,0.111,0.83454,0.87119,0.54039,0.50379,0.08701,0.28808,3.19863
"198","Suriname","Latin America and Caribbean","2016",40,6.269,0.196,1.09686,0.77866,0.50933,0.52234,0.12692,0.16665,3.06852
"199","Kuwait","Middle East and Northern Africa","2016",41,6.239,0.085,1.61714,0.87758,0.63569,0.43166,0.23669,0.15965,2.28085
"200","Bahrain","Middle East and Northern Africa","2016",42,6.218,0.0899999999999999,1.44024,0.94397,0.65696,0.47375,0.25772,0.17147,2.27405
"201","Trinidad and Tobago","Latin America and Caribbean","2016",43,6.168,0.218,1.32572,0.98569,0.52608,0.48453,0.01241,0.31935,2.51394
"202","Venezuela","Latin America and Caribbean","2016",44,6.084,0.111000000000001,1.13367,1.03302,0.61904,0.19847,0.08304,0.0425,2.97468
"203","Slovakia","Central and Eastern Europe","2016",45,6.078,0.0819999999999999,1.27973,1.08268,0.70367,0.23391,0.02947,0.13837,2.61065
"204","El Salvador","Latin America and Caribbean","2016",46,6.068,0.101,0.8737,0.80975,0.596,0.37269,0.10613,0.08877,3.22134
"205","Malaysia","Southeastern Asia","2016",47,6.005,0.0840000000000005,1.25142,0.88025,0.62366,0.39031,0.09081,0.41474,2.35384
"206","Nicaragua","Latin America and Caribbean","2016",48,5.992,0.115,0.69384,0.89521,0.65213,0.46582,0.16292,0.29773,2.82428
"207","Uzbekistan","Central and Eastern Europe","2016",49,5.987,0.0910000000000002,0.73591,1.1681,0.50163,0.60848,0.28333,0.34326,2.34638
"208","Italy","Western Europe","2016",50,5.977,0.0789999999999997,1.35495,1.04167,0.85102,0.18827,0.02556,0.16684,2.34918
"209","Ecuador","Latin America and Caribbean","2016",51,5.976,0.0960000000000001,0.97306,0.85974,0.68613,0.4027,0.18037,0.10074,2.77366
"210","Belize","Latin America and Caribbean","2016",52,5.956,0.246,0.87616,0.68655,0.45569,0.51231,0.10771,0.23684,3.08039
"211","Japan","Eastern Asia","2016",53,5.921,0.0709999999999997,1.38007,1.06054,0.91491,0.46761,0.18985,0.10224,1.80584
"212","Kazakhstan","Central and Eastern Europe","2016",54,5.919,0.0820000000000007,1.22943,0.95544,0.57386,0.4052,0.11132,0.15011,2.49325
"213","Moldova","Central and Eastern Europe","2016",55,5.897,0.0739999999999998,0.69177,0.83132,0.52309,0.25202,0.01903,0.19997,3.38007
"214","Russia","Central and Eastern Europe","2016",56,5.856,0.0670000000000002,1.23228,1.05261,0.58991,0.32682,0.03586,0.02736,2.59115
"215","Poland","Central and Eastern Europe","2016",57,5.835,0.0860000000000003,1.24585,1.04685,0.69058,0.4519,0.055,0.14443,2.20035
"216","South Korea","Eastern Asia","2016",57,5.835,0.0880000000000001,1.35948,0.72194,0.88645,0.25168,0.07716,0.18824,2.35015
"217","Bolivia","Latin America and Caribbean","2016",59,5.822,0.0819999999999999,0.79422,0.83779,0.4697,0.50961,0.07746,0.21698,2.91635
"218","Lithuania","Central and Eastern Europe","2016",60,5.813,0.0790000000000006,1.2692,1.06411,0.64674,0.18929,0.0182,0.02025,2.60525
"219","Belarus","Central and Eastern Europe","2016",61,5.802,0.0790000000000006,1.13062,1.04993,0.63104,0.29091,0.17457,0.13942,2.38582
"220","North Cyprus","Western Europe","2016",62,5.771,0.101,1.31141,0.81826,0.84142,0.43596,0.16578,0.26322,1.93447
"221","Slovenia","Central and Eastern Europe","2016",63,5.768,0.085,1.29947,1.05613,0.79151,0.53164,0.03635,0.25738,1.79522
"222","Peru","Latin America and Caribbean","2016",64,5.743,0.0960000000000001,0.99602,0.81255,0.62994,0.37502,0.05292,0.14527,2.73117
"223","Turkmenistan","Central and Eastern Europe","2016",65,5.658,0.0779999999999994,1.08017,1.03817,0.44006,0.37408,0.28467,0.22567,2.21489
"224","Mauritius","Sub-Saharan Africa","2016",66,5.648,0.141,1.14372,0.75695,0.66189,0.46145,0.05203,0.36951,2.20223
"225","Libya","Middle East and Northern Africa","2016",67,5.615,0.209,1.06688,0.95076,0.52304,0.40672,0.10339,0.17087,2.39374
"226","Latvia","Central and Eastern Europe","2016",68,5.56,0.0740000000000007,1.21788,0.95025,0.63952,0.27996,0.0889,0.17445,2.20859
"227","Cyprus","Western Europe","2016",69,5.546,0.104,1.31857,0.70697,0.8488,0.29507,0.05228,0.27906,2.04497
"228","Paraguay","Latin America and Caribbean","2016",70,5.538,0.085,0.89373,1.11111,0.58295,0.46235,0.07396,0.25296,2.16091
"229","Romania","Central and Eastern Europe","2016",71,5.528,0.101,1.1697,0.72803,0.67602,0.36712,0.00679,0.12889,2.45184
"230","Estonia","Central and Eastern Europe","2016",72,5.517,0.0800000000000001,1.27964,1.05163,0.68098,0.41511,0.18519,0.08423,1.81985
"231","Jamaica","Latin America and Caribbean","2016",73,5.51,0.195,0.89333,0.96372,0.59469,0.43597,0.04294,0.22245,2.35682
"232","Croatia","Central and Eastern Europe","2016",74,5.488,0.0859999999999994,1.18649,0.60809,0.70524,0.23907,0.04002,0.18434,2.52462
"233","Hong Kong","Eastern Asia","2016",75,5.458,0.0960000000000001,1.5107,0.87021,0.95277,0.48079,0.31647,0.40097,0.92614
"234","Somalia","Sub-Saharan Africa","2016",76,5.44,0.119,0,0.33613,0.11466,0.56778,0.3118,0.27225,3.83772
"235","Kosovo","Central and Eastern Europe","2016",77,5.401,0.093,0.90145,0.66062,0.54,0.14396,0.06547,0.27992,2.80998
"236","Turkey","Middle East and Northern Africa","2016",78,5.389,0.0939999999999994,1.16492,0.87717,0.64718,0.23889,0.12348,0.04707,2.29074
"237","Indonesia","Southeastern Asia","2016",79,5.314,0.077,0.95104,0.87625,0.49374,0.39237,0.00322,0.56521,2.03171
"238","Jordan","Middle East and Northern Africa","2016",80,5.303,0.116,0.99673,0.86216,0.60712,0.36023,0.13297,0.14262,2.20142
"239","Azerbaijan","Central and Eastern Europe","2016",81,5.291,0.0649999999999995,1.12373,0.76042,0.54504,0.35327,0.17914,0.0564,2.2735
"240","Philippines","Southeastern Asia","2016",82,5.279,0.119,0.81217,0.87877,0.47036,0.54854,0.11757,0.21674,2.23484
"241","China","Eastern Asia","2016",83,5.245,0.0460000000000003,1.0278,0.79381,0.73561,0.44012,0.02745,0.04959,2.17087
"242","Bhutan","Southern Asia","2016",84,5.196,0.0579999999999998,0.8527,0.90836,0.49759,0.46074,0.1616,0.48546,1.82916
"243","Kyrgyzstan","Central and Eastern Europe","2016",85,5.185,0.0820000000000007,0.56044,0.95434,0.55449,0.40212,0.04762,0.38432,2.28136
"244","Serbia","Central and Eastern Europe","2016",86,5.177,0.0940000000000003,1.03437,0.81329,0.6458,0.15718,0.04339,0.20737,2.27539
"245","Bosnia and Herzegovina","Central and Eastern Europe","2016",87,5.163,0.0999999999999996,0.93383,0.64367,0.70766,0.09511,0,0.29889,2.48406
"246","Montenegro","Central and Eastern Europe","2016",88,5.161,0.106000000000001,1.07838,0.74173,0.63533,0.15111,0.12721,0.17191,2.25531
"247","Dominican Republic","Latin America and Caribbean","2016",89,5.155,0.117999999999999,1.02787,0.99496,0.57669,0.52259,0.12372,0.21286,1.69626
"248","Morocco","Middle East and Northern Africa","2016",90,5.151,0.093,0.84058,0.38595,0.59471,0.25646,0.08404,0.04053,2.94891
"249","Hungary","Central and Eastern Europe","2016",91,5.145,0.0890000000000004,1.24142,0.93164,0.67608,0.1977,0.04472,0.099,1.95473
"250","Pakistan","Southern Asia","2016",92,5.132,0.0940000000000003,0.68816,0.26135,0.40306,0.14622,0.1388,0.31185,3.18286
"251","Lebanon","Middle East and Northern Africa","2016",93,5.129,0.0980000000000008,1.12268,0.64184,0.76171,0.26228,0.03061,0.23693,2.07339
"252","Portugal","Western Europe","2016",94,5.123,0.093,1.27607,0.94367,0.79363,0.44727,0.01521,0.11691,1.53015
"253","Macedonia","Central and Eastern Europe","2016",95,5.121,0.103999999999999,1.0193,0.78236,0.64738,0.27668,0.07047,0.23507,2.08947
"254","Vietnam","Southeastern Asia","2016",96,5.061,0.0700000000000003,0.74037,0.79117,0.66157,0.55954,0.11556,0.25075,1.9418
"255","Somaliland Region","Sub-Saharan Africa","2016",97,5.057,0.122999999999999,0.25558,0.75862,0.33108,0.3913,0.36794,0.51479,2.43801
"256","Tunisia","Middle East and Northern Africa","2016",98,5.045,0.0800000000000001,0.97724,0.43165,0.59577,0.23553,0.0817,0.03936,2.68413
"257","Greece","Western Europe","2016",99,5.033,0.0979999999999999,1.24886,0.75473,0.80029,0.05822,0.04127,0,2.12944
"258","Tajikistan","Central and Eastern Europe","2016",100,4.996,0.0729999999999995,0.48835,0.75602,0.53119,0.43408,0.13509,0.25998,2.39106
"259","Mongolia","Eastern Asia","2016",101,4.907,0.069,0.98853,1.08983,0.55469,0.35972,0.03285,0.34539,1.53586
"260","Laos","Southeastern Asia","2016",102,4.876,0.133999999999999,0.68042,0.5497,0.38291,0.52168,0.22423,0.43079,2.08637
"261","Nigeria","Sub-Saharan Africa","2016",103,4.875,0.125,0.75216,0.64498,0.05108,0.27854,0.0305,0.23219,2.88586
"262","Honduras","Latin America and Caribbean","2016",104,4.871,0.121,0.69429,0.75596,0.58383,0.26755,0.06906,0.2044,2.29551
"263","Iran","Middle East and Northern Africa","2016",105,4.813,0.11,1.11758,0.38857,0.64232,0.22544,0.0557,0.38538,1.99817
"264","Zambia","Sub-Saharan Africa","2016",106,4.795,0.15,0.61202,0.6376,0.23573,0.42662,0.11479,0.17866,2.58991
"265","Nepal","Southern Asia","2016",107,4.793,0.0949999999999998,0.44626,0.69699,0.50073,0.37012,0.07008,0.3816,2.32694
"266","Palestinian Territories","Middle East and Northern Africa","2016",108,4.754,0.105,0.67024,0.71629,0.56844,0.17744,0.10613,0.11154,2.40364
"267","Albania","Central and Eastern Europe","2016",109,4.655,0.109,0.9553,0.50163,0.73007,0.31866,0.05301,0.1684,1.92816
"268","Bangladesh","Southern Asia","2016",110,4.643,0.0830000000000002,0.54177,0.24749,0.52989,0.39778,0.12583,0.19132,2.60904
"269","Sierra Leone","Sub-Saharan Africa","2016",111,4.635,0.13,0.36485,0.628,0,0.30685,0.08196,0.23897,3.01402
"270","Iraq","Middle East and Northern Africa","2016",112,4.575,0.129,1.07474,0.59205,0.51076,0.24856,0.13636,0.19589,1.81657
"271","Namibia","Sub-Saharan Africa","2016",113,4.574,0.2,0.93287,0.70362,0.34745,0.48614,0.10398,0.07795,1.92198
"272","Cameroon","Sub-Saharan Africa","2016",114,4.513,0.0960000000000001,0.52497,0.62542,0.12698,0.42736,0.06126,0.2268,2.5198
"273","Ethiopia","Sub-Saharan Africa","2016",115,4.508,0.0830000000000002,0.29283,0.37932,0.34578,0.36703,0.1717,0.29522,2.65614
"274","South Africa","Sub-Saharan Africa","2016",116,4.459,0.0880000000000001,1.02416,0.96053,0.18611,0.42483,0.08415,0.13656,1.64227
"275","Sri Lanka","Southern Asia","2016",117,4.415,0.093,0.97318,0.84783,0.62007,0.50817,0.07964,0.46978,0.91681
"276","India","Southern Asia","2016",118,4.404,0.0529999999999999,0.74036,0.29247,0.45091,0.40285,0.08722,0.25028,2.18032
"277","Myanmar","Southeastern Asia","2016",119,4.395,0.0680000000000005,0.34112,0.69981,0.3988,0.42692,0.20243,0.81971,1.50655
"278","Egypt","Middle East and Northern Africa","2016",120,4.362,0.103,0.95395,0.49813,0.52116,0.18847,0.10393,0.12706,1.96895
"279","Armenia","Central and Eastern Europe","2016",121,4.36,0.0939999999999994,0.86086,0.62477,0.64083,0.14037,0.03616,0.07793,1.97864
"280","Kenya","Sub-Saharan Africa","2016",122,4.356,0.0970000000000004,0.52267,0.7624,0.30147,0.40576,0.06686,0.41328,1.88326
"281","Ukraine","Central and Eastern Europe","2016",123,4.324,0.0880000000000001,0.87287,1.01413,0.58628,0.12859,0.01829,0.20363,1.50066
"282","Ghana","Sub-Saharan Africa","2016",124,4.276,0.0910000000000002,0.63107,0.49353,0.29681,0.40973,0.0326,0.21203,2.2002
"283","Congo (Kinshasa)","Sub-Saharan Africa","2016",125,4.272,0.0809999999999995,0.05661,0.80676,0.188,0.15602,0.06075,0.25458,2.74924
"284","Georgia","Central and Eastern Europe","2016",126,4.252,0.0880000000000001,0.83792,0.19249,0.64035,0.32461,0.3188,0.06786,1.87031
"285","Congo (Brazzaville)","Sub-Saharan Africa","2016",127,4.236,0.129,0.77109,0.47799,0.28212,0.37938,0.09753,0.12077,2.10681
"286","Senegal","Sub-Saharan Africa","2016",128,4.219,0.0679999999999996,0.44314,0.77416,0.40457,0.31056,0.11681,0.19103,1.97861
"287","Bulgaria","Central and Eastern Europe","2016",129,4.217,0.113,1.11306,0.92542,0.67806,0.21219,0.00615,0.12793,1.15377
"288","Mauritania","Sub-Saharan Africa","2016",130,4.201,0.0740000000000007,0.61391,0.84142,0.28639,0.1268,0.17955,0.22686,1.9263
"289","Zimbabwe","Sub-Saharan Africa","2016",131,4.193,0.0920000000000005,0.35041,0.71478,0.1595,0.25429,0.08582,0.18503,2.4427
"290","Malawi","Sub-Saharan Africa","2016",132,4.156,0.115,0.08709,0.147,0.29364,0.4143,0.07564,0.30968,2.82859
"291","Sudan","Sub-Saharan Africa","2016",133,4.139,0.210999999999999,0.63069,0.81928,0.29759,0,0.10039,0.18077,2.10995
"292","Gabon","Sub-Saharan Africa","2016",134,4.121,0.0909999999999993,1.15851,0.72368,0.3494,0.28098,0.09314,0.06244,1.45332
"293","Mali","Sub-Saharan Africa","2016",135,4.073,0.085,0.31292,0.86333,0.16347,0.27544,0.13647,0.21064,2.11087
"294","Haiti","Latin America and Caribbean","2016",136,4.028,0.135000000000001,0.34097,0.29561,0.27494,0.12072,0.14476,0.47958,2.37116
"295","Botswana","Sub-Saharan Africa","2016",137,3.974,0.0990000000000002,1.09426,0.89186,0.34752,0.44089,0.10769,0.12425,0.96741
"296","Comoros","Sub-Saharan Africa","2016",138,3.956,0.0959999999999996,0.27509,0.60323,0.29981,0.15412,0.18437,0.1827,2.25632
"297","Ivory Coast","Sub-Saharan Africa","2016",139,3.916,0.0900000000000003,0.55507,0.57576,0.04476,0.40663,0.1553,0.20338,1.97478
"298","Cambodia","Southeastern Asia","2016",140,3.907,0.109,0.55604,0.5375,0.42494,0.58852,0.08092,0.40339,1.31573
"299","Angola","Sub-Saharan Africa","2016",141,3.866,0.113,0.84731,0.66366,0.04991,0.00589,0.08434,0.12071,2.09459
"300","Niger","Sub-Saharan Africa","2016",142,3.856,0.0750000000000002,0.1327,0.6053,0.26162,0.38041,0.17176,0.2097,2.09469
"301","South Sudan","Sub-Saharan Africa","2016",143,3.832,0.236,0.39394,0.18519,0.15781,0.19662,0.13015,0.25899,2.50929
"302","Chad","Sub-Saharan Africa","2016",144,3.763,0.0910000000000002,0.42214,0.63178,0.03824,0.12807,0.04952,0.18667,2.30637
"303","Burkina Faso","Sub-Saharan Africa","2016",145,3.739,0.0920000000000001,0.31995,0.63054,0.21297,0.3337,0.12533,0.24353,1.87319
"304","Uganda","Sub-Saharan Africa","2016",145,3.739,0.11,0.34719,0.90981,0.19625,0.43653,0.06442,0.27102,1.51416
"305","Yemen","Middle East and Northern Africa","2016",147,3.724,0.103,0.57939,0.47493,0.31048,0.2287,0.05892,0.09821,1.97295
"306","Madagascar","Sub-Saharan Africa","2016",148,3.695,0.0740000000000003,0.27954,0.46115,0.37109,0.13684,0.07506,0.2204,2.15075
"307","Tanzania","Sub-Saharan Africa","2016",149,3.666,0.105,0.47155,0.77623,0.357,0.3176,0.05099,0.31472,1.37769
"308","Liberia","Sub-Saharan Africa","2016",150,3.622,0.159,0.10706,0.50353,0.23165,0.25748,0.04852,0.24063,2.23284
"309","Guinea","Sub-Saharan Africa","2016",151,3.607,0.0739999999999998,0.22415,0.3109,0.18829,0.30953,0.1192,0.29914,2.15604
"310","Rwanda","Sub-Saharan Africa","2016",152,3.515,0.0709999999999997,0.32846,0.61586,0.31865,0.5432,0.50521,0.23552,0.96819
"311","Benin","Sub-Saharan Africa","2016",153,3.484,0.0800000000000001,0.39499,0.10419,0.21028,0.39747,0.06681,0.2018,2.10812
"312","Afghanistan","Southern Asia","2016",154,3.36,0.0720000000000001,0.38227,0.11037,0.17344,0.1643,0.07112,0.31268,2.14558
"313","Togo","Sub-Saharan Africa","2016",155,3.303,0.111,0.28123,0,0.24811,0.34678,0.11587,0.17517,2.1354
"314","Syria","Middle East and Northern Africa","2016",156,3.069,0.133,0.74719,0.14866,0.62994,0.06912,0.17233,0.48397,0.81789
"315","Burundi","Sub-Saharan Africa","2016",157,2.905,0.173,0.06831,0.23442,0.15747,0.0432,0.09419,0.2029,2.10404
"316","Norway","Western Europe","2017",1,7.537000179,0.0574446420000001,1.616463184,1.53352356,0.796666503,0.635422587,0.315963835,0.362012237,2.277026653
"317","Denmark","Western Europe","2017",2,7.521999836,0.0597282290000001,1.482383013,1.551121593,0.792565525,0.626006722,0.400770068,0.355280489,2.313707352
"318","Iceland","Western Europe","2017",3,7.504000187,0.118030286,1.48063302,1.610574007,0.833552122,0.627162635,0.153526559,0.475540221,2.322715282
"319","Switzerland","Western Europe","2017",4,7.493999958,0.0677724619999998,1.564979553,1.516911745,0.858131289,0.620070577,0.367007285,0.290549278,2.276716232
"320","Finland","Western Europe","2017",5,7.468999863,0.058542213,1.443571925,1.540246725,0.80915767,0.617950857,0.382611543,0.245482773,2.430181503
"321","Netherlands","Western Europe","2017",6,7.376999855,0.0504259859999996,1.503944635,1.428939223,0.810696125,0.585384488,0.282661825,0.47048983,2.294804096
"322","Canada","North America","2017",7,7.315999985,0.06840285,1.479204416,1.481348991,0.834557652,0.611100912,0.287371516,0.435539722,2.187264442
"323","New Zealand","Australia and New Zealand","2017",8,7.31400013,0.0655103119999998,1.405706048,1.548195124,0.816759706,0.61406213,0.382816702,0.500005126,2.046456337
"324","Sweden","Western Europe","2017",9,7.28399992,0.0600949569999996,1.494387269,1.478162169,0.830875158,0.612924099,0.384398729,0.385399252,2.097537994
"325","Australia","Australia and New Zealand","2017",10,7.28399992,0.0726513049999999,1.484414935,1.510041952,0.843886793,0.601607382,0.30118373,0.47769925,2.065210819
"326","Israel","Middle East and Northern Africa","2017",11,7.212999821,0.0668534349999996,1.375382423,1.376289964,0.838404,0.405988604,0.0852421,0.330082655,2.801757336
"327","Costa Rica","Latin America and Caribbean","2017",12,7.078999996,0.0891116699999994,1.109706283,1.416403651,0.759509265,0.58013165,0.100106589,0.214613229,2.898639202
"328","Austria","Western Europe","2017",13,7.006000042,0.0646697700000001,1.487097263,1.459944963,0.815328419,0.56776619,0.221060365,0.316472322,2.138506413
"329","United States","North America","2017",14,6.993000031,0.0816567169999995,1.546259284,1.419920564,0.774286628,0.505740523,0.135638788,0.392578781,2.218113422
"330","Ireland","Western Europe","2017",15,6.977000237,0.0663514309999993,1.535706639,1.558231115,0.809782624,0.573110342,0.298388153,0.427858323,1.773869038
"331","Germany","Western Europe","2017",16,6.951000214,0.0543813550000003,1.487923384,1.472520351,0.798950732,0.562511384,0.276731938,0.33626917,2.015769958
"332","Belgium","Western Europe","2017",17,6.890999794,0.0648209560000002,1.463780761,1.462312698,0.818091869,0.539770722,0.251343131,0.231503338,2.124210358
"333","Luxembourg","Western Europe","2017",18,6.862999916,0.0606861840000006,1.741943598,1.457583666,0.845089495,0.596627891,0.318834424,0.283180982,1.619512081
"334","United Kingdom","Western Europe","2017",19,6.714000225,0.0697915359999994,1.44163394,1.49646008,0.805335939,0.508190036,0.265428066,0.492774159,1.704143524
"335","Chile","Latin America and Caribbean","2017",20,6.65199995,0.0872506099999999,1.25278461,1.284024954,0.819479704,0.376895279,0.082287982,0.326662421,2.509585857
"336","United Arab Emirates","Middle East and Northern Africa","2017",21,6.647999763,0.0740475410000005,1.626343369,1.266410232,0.726798236,0.60834527,0.324489564,0.360941947,1.734703541
"337","Brazil","Latin America and Caribbean","2017",22,6.635000229,0.0904692730000001,1.10735321,1.431306005,0.616552353,0.437453747,0.111092761,0.162349895,2.769267082
"338","Czech Republic","Central and Eastern Europe","2017",23,6.609000206,0.0748622569999995,1.352682352,1.433885217,0.754444003,0.490946174,0.036872927,0.088106759,2.451861858
"339","Argentina","Latin America and Caribbean","2017",24,6.598999977,0.0910851089999998,1.185295463,1.440451145,0.695137084,0.494519204,0.059739888,0.109457061,2.614005327
"340","Mexico","Latin America and Caribbean","2017",25,6.578000069,0.0931488390000004,1.153183818,1.21086216,0.709978998,0.412730008,0.132774115,0.120990433,2.837154865
"341","Singapore","Southeastern Asia","2017",26,6.572000027,0.0647230420000007,1.69227767,1.353814363,0.949492395,0.549840569,0.464307785,0.345965981,1.216362
"342","Malta","Western Europe","2017",27,6.52699995,0.0713968229999997,1.343279839,1.488411665,0.821944237,0.588767052,0.153066069,0.574730575,1.556862831
"343","Uruguay","Latin America and Caribbean","2017",28,6.453999996,0.0919062219999995,1.217559695,1.412227869,0.719216824,0.579392254,0.178061873,0.175096929,2.172409534
"344","Guatemala","Latin America and Caribbean","2017",29,6.453999996,0.112873977,0.872001946,1.255585194,0.54023999,0.531310618,0.077223279,0.283488393,2.893891096
"345","Panama","Latin America and Caribbean","2017",30,6.452000141,0.105130575,1.233748436,1.373192549,0.706156135,0.550026834,0.070983924,0.210556939,2.307199955
"346","France","Western Europe","2017",31,6.441999912,0.0737678900000001,1.430923462,1.387776852,0.844465852,0.470222116,0.172502428,0.129762307,2.005954742
"347","Thailand","Southeastern Asia","2017",32,6.423999786,0.0851170699999999,1.127868772,1.425792456,0.647239029,0.580200732,0.031612735,0.57212311,2.039508343
"349","Spain","Western Europe","2017",34,6.402999878,0.0680549670000001,1.384397864,1.532090902,0.8889606,0.40878123,0.070914097,0.190133572,1.92775774
"350","Qatar","Middle East and Northern Africa","2017",35,6.375,0.193476814,1.870765686,1.27429688,0.710098088,0.604130983,0.439299256,0.33047387,1.14546442
"351","Colombia","Latin America and Caribbean","2017",36,6.356999874,0.0950201799999997,1.070622325,1.402182937,0.595027924,0.477487415,0.046668742,0.149014473,2.616068125
"352","Saudi Arabia","Middle East and Northern Africa","2017",37,6.343999863,0.100166749,1.530623555,1.286677599,0.59014833,0.449750572,0.273432255,0.147616014,2.065429688
"353","Trinidad and Tobago","Latin America and Caribbean","2017",38,6.168000221,0.21353367,1.361355901,1.380228519,0.519983292,0.518630743,0.008964816,0.325296462,2.053247452
"354","Kuwait","Middle East and Northern Africa","2017",39,6.105000019,0.0869569700000001,1.632952452,1.259698749,0.632105708,0.496337593,0.21515955,0.228289798,1.640425205
"355","Slovakia","Central and Eastern Europe","2017",40,6.09800005,0.0793483620000002,1.325393558,1.505059242,0.712732911,0.295817465,0.024210852,0.136544481,2.097776651
"356","Bahrain","Middle East and Northern Africa","2017",41,6.086999893,0.0919891750000001,1.488412261,1.323110461,0.653133035,0.536746919,0.25704217,0.172668487,1.656149387
"357","Malaysia","Southeastern Asia","2017",42,6.084000111,0.0959795259999998,1.29121542,1.284646034,0.618784428,0.402264982,0.065600708,0.41660893,2.004448891
"358","Nicaragua","Latin America and Caribbean","2017",43,6.071000099,0.115583501,0.737299204,1.28721571,0.653095961,0.447551847,0.130687982,0.301674217,2.513930559
"359","Ecuador","Latin America and Caribbean","2017",44,6.007999897,0.0978477779999993,1.000820398,1.286168814,0.685636222,0.455198199,0.140134647,0.150112465,2.290352583
"360","El Salvador","Latin America and Caribbean","2017",45,6.002999783,0.105635339,0.909784496,1.182125092,0.596018553,0.43245253,0.08998096,0.078257985,2.714593887
"361","Poland","Central and Eastern Europe","2017",46,5.97300005,0.0809082910000001,1.291787863,1.44571197,0.699475348,0.520342112,0.059307806,0.158465967,1.797722816
"362","Uzbekistan","Central and Eastern Europe","2017",47,5.971000195,0.0945373780000001,0.786441088,1.54896915,0.498272628,0.658248663,0.246528223,0.415983647,1.816913605
"363","Italy","Western Europe","2017",48,5.964000225,0.0787366809999996,1.395066619,1.444923282,0.853144348,0.256450713,0.028028091,0.172789648,1.813312054
"364","Russia","Central and Eastern Europe","2017",49,5.962999821,0.0672750859999995,1.281778097,1.469282389,0.547349334,0.373783112,0.032962881,0.052263822,2.205607414
"366","Japan","Eastern Asia","2017",51,5.920000076,0.0707193689999999,1.416915178,1.436337829,0.913475871,0.505625546,0.163760737,0.120572768,1.363223553
"367","Lithuania","Central and Eastern Europe","2017",52,5.90199995,0.0806696909999998,1.314582348,1.473516107,0.62894994,0.234231785,0.011865643,0.010164657,2.228440523
"368","Algeria","Middle East and Northern Africa","2017",53,5.872000217,0.106286217,1.091864467,1.146217465,0.617584646,0.233335808,0.14609611,0.069436647,2.567603827
"369","Latvia","Central and Eastern Europe","2017",54,5.849999905,0.0702636330000006,1.260748625,1.404714942,0.638566971,0.325707912,0.073842727,0.153074786,1.993655205
"370","South Korea","Eastern Asia","2017",55,5.837999821,0.0845592069999999,1.401678443,1.128274441,0.900214076,0.257921666,0.063282669,0.206674367,1.880378008
"371","Moldova","Central and Eastern Europe","2017",56,5.837999821,0.0703710169999994,0.72887063,1.251825571,0.589465201,0.240729049,0.010091286,0.208779126,2.807808399
"372","Romania","Central and Eastern Europe","2017",57,5.824999809,0.094694348,1.217683911,1.15009129,0.685158312,0.457003742,0.004387901,0.133519918,2.176831484
"373","Bolivia","Latin America and Caribbean","2017",58,5.822999954,0.0809769490000001,0.833756566,1.227619052,0.47363025,0.558732927,0.060477726,0.225560725,2.443279028
"374","Turkmenistan","Central and Eastern Europe","2017",59,5.822000027,0.0631808490000001,1.130776763,1.493149161,0.43772608,0.418271929,0.25927034,0.249924988,1.832909822
"375","Kazakhstan","Central and Eastern Europe","2017",60,5.818999767,0.0846420079999994,1.28455627,1.384369016,0.606041551,0.437454283,0.119282886,0.201964423,1.784892559
"376","North Cyprus","Western Europe","2017",61,5.809999943,0.0873665219999999,1.346911311,1.186303377,0.834647238,0.471203625,0.155353352,0.266845703,1.549157619
"377","Slovenia","Central and Eastern Europe","2017",62,5.757999897,0.0842252629999996,1.341205955,1.452518821,0.790828228,0.572575808,0.045128979,0.242649093,1.313317299
"378","Peru","Latin America and Caribbean","2017",63,5.715000153,0.0969466260000003,1.035225272,1.218770385,0.630166113,0.450002879,0.047049087,0.126819715,2.20726943
"379","Mauritius","Sub-Saharan Africa","2017",64,5.629000187,0.100862005,1.189395547,1.20956099,0.638007462,0.491247326,0.042181555,0.360933751,1.697583914
"380","Cyprus","Western Europe","2017",65,5.620999813,0.0936928860000004,1.355938077,1.131363273,0.844714701,0.355111539,0.041237976,0.271254301,1.621249199
"381","Estonia","Central and Eastern Europe","2017",66,5.611000061,0.0771398129999996,1.32087934,1.4766711,0.695168316,0.47913143,0.183248922,0.098890811,1.357508659
"382","Belarus","Central and Eastern Europe","2017",67,5.568999767,0.0771144769999994,1.15655756,1.444945216,0.637714267,0.295400262,0.156313822,0.155137509,1.723232985
"383","Libya","Middle East and Northern Africa","2017",68,5.525000095,0.151953712,1.101803064,1.35756433,0.52016902,0.46573323,0.09261021,0.152073666,1.835011244
"384","Turkey","Middle East and Northern Africa","2017",69,5.5,0.094864963,1.198274374,1.337753177,0.637605608,0.3007406,0.09967158,0.046693042,1.879277945
"385","Paraguay","Latin America and Caribbean","2017",70,5.493000031,0.0843812389999998,0.932537317,1.50728488,0.579250693,0.473507792,0.091065913,0.224150658,1.68533349
"387","Philippines","Southeastern Asia","2017",72,5.429999828,0.115335226,0.857699215,1.253917575,0.468009055,0.585214674,0.099331893,0.193513423,1.972604752
"388","Serbia","Central and Eastern Europe","2017",73,5.394999981,0.0965696750000005,1.069317579,1.258189797,0.650784671,0.208715528,0.040903781,0.220125884,1.947084427
"389","Jordan","Middle East and Northern Africa","2017",74,5.335999966,0.112410056,0.991012394,1.239088893,0.604590058,0.418421149,0.119803272,0.17217046,1.791176558
"390","Hungary","Central and Eastern Europe","2017",75,5.323999882,0.0790398269999999,1.286011934,1.343133092,0.687763453,0.175863519,0.036636937,0.078401662,1.716459274
"391","Jamaica","Latin America and Caribbean","2017",76,5.31099987,0.270398858,0.925579309,1.368218064,0.641022384,0.474307239,0.055267781,0.233818337,1.612325668
"392","Croatia","Central and Eastern Europe","2017",77,5.293000221,0.0987769840000006,1.222556233,0.967983007,0.701288521,0.255772293,0.04310311,0.248002976,1.854492426
"393","Kosovo","Central and Eastern Europe","2017",78,5.278999805,0.0858481900000001,0.951484382,1.137853503,0.54145205,0.260287941,0.057471618,0.319931448,2.010540724
"394","China","Eastern Asia","2017",79,5.272999763,0.0462783270000005,1.081165791,1.160837412,0.741415501,0.472787708,0.022794275,0.028806841,1.764938593
"395","Pakistan","Southern Asia","2017",80,5.269000053,0.0909835880000003,0.726883531,0.67269069,0.402047783,0.235215262,0.124348067,0.315446019,2.79248929
"396","Indonesia","Southeastern Asia","2017",81,5.262000084,0.0908885139999995,0.995538592,1.274444699,0.492345721,0.443323463,0.015317135,0.611704588,1.429476976
"397","Venezuela","Latin America and Caribbean","2017",82,5.25,0.120031946,1.128431201,1.431337595,0.617144227,0.153997123,0.064491123,0.06501963,1.789463758
"398","Montenegro","Central and Eastern Europe","2017",83,5.236999989,0.104044452,1.121129036,1.238376498,0.667464674,0.194989055,0.088174194,0.197911024,1.729191542
"399","Morocco","Middle East and Northern Africa","2017",84,5.235000134,0.0833408310000001,0.878114581,0.774864435,0.597710669,0.408158332,0.087763183,0.032209955,2.456189394
"400","Azerbaijan","Central and Eastern Europe","2017",85,5.234000206,0.0652863290000001,1.153601766,1.152400255,0.540775776,0.398155838,0.180987507,0.04526934,1.762481689
"401","Dominican Republic","Latin America and Caribbean","2017",86,5.230000019,0.119060866,1.079373837,1.402416706,0.574873745,0.552589834,0.113945253,0.18696785,1.31946516
"402","Greece","Western Europe","2017",87,5.227000237,0.0982459319999993,1.289487481,1.239414573,0.810198903,0.095731251,0.043289777,0,1.749221563
"403","Lebanon","Middle East and Northern Africa","2017",88,5.224999905,0.0938823830000004,1.074987531,1.129624248,0.735081077,0.288515985,0.03751383,0.264450759,1.695073843
"404","Portugal","Western Europe","2017",89,5.195000172,0.0900415609999996,1.315175295,1.367043018,0.795843542,0.4984653,0.015869452,0.095102713,1.107682705
"405","Bosnia and Herzegovina","Central and Eastern Europe","2017",90,5.18200016,0.0943355270000001,0.982409418,1.069335938,0.705186307,0.204403177,0,0.328867495,1.892172575
"406","Honduras","Latin America and Caribbean","2017",91,5.181000233,0.120582564,0.730573118,1.143944979,0.58256948,0.34807986,0.073345453,0.236188874,2.065811157
"407","Macedonia","Central and Eastern Europe","2017",92,5.175000191,0.0971724490000003,1.064577937,1.207893014,0.644948184,0.325905979,0.060277794,0.253760964,1.617469311
"409","Vietnam","Southeastern Asia","2017",94,5.073999882,0.0732808829999998,0.788547575,1.277491331,0.652168989,0.571055591,0.087633237,0.234968051,1.462318659
"410","Nigeria","Sub-Saharan Africa","2017",95,5.073999882,0.135500253,0.783756256,1.215770483,0.05691573,0.394952565,0.026121566,0.230947196,2.365390539
"411","Tajikistan","Central and Eastern Europe","2017",96,5.040999889,0.0704257070000001,0.524713635,1.271463275,0.529235125,0.471566707,0.146377146,0.248997644,1.84904933
"412","Bhutan","Southern Asia","2017",97,5.011000156,0.068334406,0.885416389,1.340126514,0.495879292,0.501537681,0.17338039,0.474054545,1.140184402
"413","Kyrgyzstan","Central and Eastern Europe","2017",98,5.004000187,0.0859197160000003,0.596220076,1.394238591,0.553457797,0.454943389,0.039439179,0.428580374,1.536723137
"414","Nepal","Southern Asia","2017",99,4.961999893,0.105356186,0.479820192,1.179283261,0.504130781,0.440305948,0.072975546,0.394096166,1.891241074
"415","Mongolia","Eastern Asia","2017",100,4.954999924,0.0666795850000002,1.027235866,1.493011236,0.557783484,0.394143969,0.032902289,0.33846423,1.111292362
"416","South Africa","Sub-Saharan Africa","2017",101,4.828999996,0.100435192,1.054698706,1.384788632,0.18708007,0.479246736,0.072509497,0.13936238,1.510908604
"417","Tunisia","Middle East and Northern Africa","2017",102,4.804999828,0.0793671790000001,1.007265806,0.86835146,0.613212049,0.28968069,0.086723149,0.049693357,1.89025116
"418","Palestinian Territories","Middle East and Northern Africa","2017",103,4.775000095,0.106848247999999,0.716249228,1.155647159,0.565666974,0.254711062,0.089282602,0.114173174,1.878890276
"419","Egypt","Middle East and Northern Africa","2017",104,4.735000134,0.0901336559999999,0.989701807,0.997471392,0.520187259,0.282110155,0.114381365,0.128631443,1.702161074
"420","Bulgaria","Central and Eastern Europe","2017",105,4.714000225,0.0896944809999995,1.161459088,1.434379458,0.70821768,0.289231718,0.011051531,0.113177694,0.996139288
"421","Sierra Leone","Sub-Saharan Africa","2017",106,4.709000111,0.141643224,0.368420929,0.984136045,0.005564754,0.318697691,0.071095176,0.293040901,2.668459892
"422","Cameroon","Sub-Saharan Africa","2017",107,4.695000172,0.101540685,0.564305365,0.946018219,0.132892117,0.430388749,0.051306631,0.236298457,2.333645582
"423","Iran","Middle East and Northern Africa","2017",108,4.691999912,0.106224796,1.156873107,0.711551249,0.639333189,0.249322608,0.048761073,0.387242913,1.498734951
"424","Albania","Central and Eastern Europe","2017",109,4.644000053,0.108463953,0.996192753,0.803685248,0.731159747,0.381498635,0.039864216,0.201312944,1.490441561
"425","Bangladesh","Southern Asia","2017",110,4.607999802,0.0818218559999995,0.586682975,0.735131741,0.533241034,0.478356659,0.123717859,0.172255352,1.978736162
"427","Kenya","Sub-Saharan Africa","2017",112,4.552999973,0.102691618,0.560479462,1.067950726,0.30998835,0.452763766,0.064641319,0.444860309,1.651902199
"428","Mozambique","Sub-Saharan Africa","2017",113,4.550000191,0.224102135000001,0.23430565,0.870701015,0.106654435,0.480791092,0.179436386,0.322228104,2.355650902
"429","Myanmar","Southeastern Asia","2017",114,4.545000076,0.0697398700000003,0.36711055,1.123235941,0.397522569,0.514492035,0.188816205,0.838075161,1.115290403
"430","Senegal","Sub-Saharan Africa","2017",115,4.534999847,0.0666039339999998,0.479309022,1.179691911,0.409362853,0.377922267,0.115460448,0.183468893,1.789646149
"431","Zambia","Sub-Saharan Africa","2017",116,4.513999939,0.130105562000001,0.636406779,1.003187299,0.257835895,0.461603492,0.07821355,0.249580145,1.826705456
"432","Iraq","Middle East and Northern Africa","2017",117,4.497000217,0.125591193,1.102710485,0.978613198,0.50118047,0.288555533,0.107215755,0.199637264,1.318907261
"433","Gabon","Sub-Saharan Africa","2017",118,4.465000153,0.0923616129999996,1.198210239,1.155620217,0.356578588,0.312328577,0.076046787,0.043785378,1.322916269
"434","Ethiopia","Sub-Saharan Africa","2017",119,4.460000038,0.0827286389999999,0.339233845,0.864669204,0.353409708,0.408842742,0.165455714,0.31265074,2.015743732
"435","Sri Lanka","Southern Asia","2017",120,4.440000057,0.113447135,1.009850144,1.259976387,0.625130832,0.561213255,0.073653966,0.490863562,0.419389248
"436","Armenia","Central and Eastern Europe","2017",121,4.375999928,0.0907346840000001,0.900596738,1.007483721,0.637524426,0.198303267,0.026674422,0.083488092,1.521499157
"437","India","Southern Asia","2017",122,4.315000057,0.0565219600000004,0.792221248,0.754372597,0.455427617,0.469987005,0.092226885,0.231538489,1.519117117
"438","Mauritania","Sub-Saharan Africa","2017",123,4.291999817,0.085163799,0.648457289,1.27203083,0.28534928,0.096098043,0.136957005,0.201870024,1.651637316
"439","Congo (Brazzaville)","Sub-Saharan Africa","2017",124,4.290999889,0.119053616,0.808964252,0.832044363,0.289957434,0.435025871,0.079618134,0.120852128,1.724135637
"440","Georgia","Central and Eastern Europe","2017",125,4.285999775,0.0889341910000008,0.950612664,0.570614934,0.649546981,0.309410036,0.251666635,0.054008815,1.500137806
"441","Congo (Kinshasa)","Sub-Saharan Africa","2017",126,4.28000021,0.0778106230000004,0.092102349,1.229023457,0.191407025,0.235961348,0.060241356,0.246455833,2.224958658
"442","Mali","Sub-Saharan Africa","2017",127,4.190000057,0.0796706540000001,0.476180494,1.281473398,0.169365674,0.306613743,0.104970247,0.183354199,1.668190956
"443","Ivory Coast","Sub-Saharan Africa","2017",128,4.179999828,0.0951827350000007,0.603048921,0.90478003,0.04864217,0.447706193,0.130061775,0.20123747,1.844964266
"444","Cambodia","Southeastern Asia","2017",129,4.168000221,0.110517593,0.601765096,1.006238341,0.429783404,0.633375823,0.068105951,0.385922968,1.042941093
"445","Sudan","Sub-Saharan Africa","2017",130,4.138999939,0.206747226,0.659516692,1.21400857,0.290920824,0.014995855,0.08984752,0.182317451,1.68706584
"446","Ghana","Sub-Saharan Africa","2017",131,4.119999886,0.102707323,0.667224824,0.873664737,0.295637727,0.423026294,0.02533637,0.256923944,1.577867508
"447","Ukraine","Central and Eastern Europe","2017",132,4.096000195,0.0894099099999996,0.894651949,1.394537568,0.575903952,0.122974776,0.023029471,0.270061463,0.814382315
"448","Uganda","Sub-Saharan Africa","2017",133,4.080999851,0.114800116000001,0.381430715,1.129827738,0.217632607,0.443185955,0.057069719,0.325766057,1.526362658
"449","Burkina Faso","Sub-Saharan Africa","2017",134,4.032000065,0.0920589989999998,0.350227714,1.043280005,0.215844259,0.324367851,0.120328106,0.250864685,1.727212906
"450","Niger","Sub-Saharan Africa","2017",135,4.027999878,0.0839469419999999,0.161925331,0.993025005,0.268505007,0.363658696,0.138572946,0.228673846,1.873983383
"451","Malawi","Sub-Saharan Africa","2017",136,3.970000029,0.107478788,0.233442038,0.512568831,0.315089583,0.466914654,0.072711654,0.28717047,2.081786156
"452","Chad","Sub-Saharan Africa","2017",137,3.936000109,0.0987114150000004,0.438012987,0.953855872,0.041134715,0.162342027,0.053581882,0.21611385,2.071238041
"453","Zimbabwe","Sub-Saharan Africa","2017",138,3.875,0.103699643,0.375846535,1.083095908,0.196763754,0.336384207,0.095375381,0.189143494,1.597970247
"454","Lesotho","Sub-Saharan Africa","2017",139,3.808000088,0.236343887,0.521021247,1.190095186,0,0.390661299,0.11909464,0.157497272,1.42983532
"455","Angola","Sub-Saharan Africa","2017",140,3.795000076,0.156641859,0.85842818,1.10441196,0.049868666,0,0.069720335,0.09792649,1.614482403
"456","Afghanistan","Southern Asia","2017",141,3.79399991,0.0796615049999998,0.401477218,0.581543326,0.180746779,0.10617952,0.06115783,0.311870933,2.150801182
"457","Botswana","Sub-Saharan Africa","2017",142,3.766000032,0.108122634,1.122094154,1.221554995,0.341755509,0.505196333,0.098583199,0.099348448,0.377913713
"458","Benin","Sub-Saharan Africa","2017",143,3.657000065,0.0887834860000001,0.431085408,0.435299844,0.209930211,0.425962776,0.060929015,0.207948461,1.885630965
"459","Madagascar","Sub-Saharan Africa","2017",144,3.644000053,0.070319053,0.305808693,0.913020372,0.375223309,0.189196765,0.067231975,0.20873253,1.584612608
"460","Haiti","Latin America and Caribbean","2017",145,3.602999926,0.131714872,0.368610263,0.640449822,0.27732113,0.030369857,0.09987215,0.489203781,1.697167635
"461","Yemen","Middle East and Northern Africa","2017",146,3.592999935,0.0997503850000001,0.591683447,0.935382247,0.310080916,0.249463722,0.056767423,0.104125209,1.345600605
"463","Liberia","Sub-Saharan Africa","2017",148,3.532999992,0.120756269,0.119041793,0.872117937,0.229918197,0.332881182,0.038948249,0.266549885,1.673285961
"464","Guinea","Sub-Saharan Africa","2017",149,3.506999969,0.0774281599999997,0.24454993,0.791244686,0.194129139,0.348587513,0.110937618,0.264815092,1.552311897
"466","Rwanda","Sub-Saharan Africa","2017",151,3.470999956,0.0720302780000002,0.368745893,0.945707023,0.326424807,0.581843853,0.455220014,0.252756029,0.540061235
"468","Tanzania","Sub-Saharan Africa","2017",153,3.348999977,0.112429778,0.511135876,1.041989803,0.364509284,0.390017778,0.066035107,0.354256362,0.621130466
"470","Central African Republic","Sub-Saharan Africa","2017",155,2.693000078,0.171884191,0,0,0.018772686,0.270842046,0.056565076,0.280876487,2.066004753
